id	N	AvgMfe	AvgMae	Quality	PriceSource	Risk	Behavior	EQ	State	NetPnl	Entry	Exit
EMPTY	0	NULL	NULL	Unavailable	Unknown	10	90	40	INSUFFICIENT_DATA	0		
N1_DEAL_ONLY	1	NULL	NULL	Unavailable	Unknown	0	100	40	INSUFFICIENT_DATA	80	2300	2301
N2_DEAL_ONLY	2	NULL	NULL	Unavailable	Unknown	0	100	40	INSUFFICIENT_DATA	150	2300	2301
FX02_WINNERS_VWAP_2300_2301	3	NULL	NULL	Unavailable	Unknown	0	100	100	SHADOW	240	2300	2301
FX02_WINNERS_VWAP_2000_3000	3	NULL	NULL	Unavailable	Unknown	0	100	100	SHADOW	240	2000	3000
FX02_WINNERS_VWAP_NULL_EXIT	3	NULL	NULL	Unavailable	Unknown	0	100	100	SHADOW	240	2300	null
FX03_LOSING_MART	3	NULL	NULL	Unavailable	Unknown	60	60	47	RISK_BLOCKED	-700	2300	2301
MILD_MART_WIN	3	NULL	NULL	Unavailable	Unknown	35	70	85.25	SHADOW	80	2300	2301
VWAP_MUTATION_SCORES_IDENTICAL	True	True	True
